First Name,Last Name,Company,Practitioner Type,Street,City,State/Province,Zip/Postal Code,Country,Phone,Email,Line of Business,License Number
Lillie,Nguyen-DP0040d,Lillie Nguyen-DP0040d,"13, Nursing",2460 39th St,San Francisco,California,94116,United States,1112223333,zzzzemail51@AD-2838-DP0040d.com,"USP, US Pro",123506-1-12-2021
Michelle,Avent-DP0040d,Michelle Avent-DP0040d,"13, Nursing",2507 Abbey Way,Florence,South Carolina,29501-2904,United States,1112223333,zzzzemail52@AD-2838-DP0040d.com,"USP, US Pro",123507-1-12-2021
MARLENE,ROSANA-DP0040d,MARLENE ROSANA-DP0040d,"13, Nursing",2021 JACK COUNTY DR,FORNEY,Texas,75126,United States,1112223333,zzzzemail53@AD-2838-DP0040d.com,"USP, US Pro",123508-1-12-2021
Stephanie,Lanham-DP0040d,Rediscover Health LLC-DP0040d,"13, Nursing",853 Vine St,Saint Albans,West Virginia,25177,United States,1112223333,zzzzemail54@AD-2838-DP0040d.com,"USP, US Pro",123509-1-12-2021
Olivia,Moeller-DP0040d,Olivia Moeller Nutrition-DP0040d,"13, Nursing",34 Woodfern Road,Summit,New Jersey,7901,United States,1112223333,zzzzemail55@AD-2838-DP0040d.com,"USP, US Pro",123510-1-12-2021
Melanie,Phillips-DP0040d,Melanie Phillips-DP0040d,"13, Nursing",Po box 527,Terlingua,Texas,79852,United States,1112223333,zzzzemail56@AD-2838-DP0040d.com,"USP, US Pro",123511-1-12-2021
Robin,Schaefer-DP0040d,Healthy Happy Life Clinic-DP0040d,"13, Nursing",PO Box 453,Aurora,Oregon,97002,United States,1112223333,zzzzemail57@AD-2838-DP0040d.com,"USP, US Pro",123512-1-12-2021
Cassie,Booth-DP0040d,Cassie Booth-DP0040d,"13, Nursing",3147 S Bellhurst Ave,Springfield,Missouri,65804,United States,1112223333,zzzzemail58@AD-2838-DP0040d.com,"USP, US Pro",123513-1-12-2021
Mackenzie,Norman-DP0040d,Mackenzie Norman-DP0040d,"13, Nursing",22514 Spruce River Rd,Ottawa,West Virginia,25149,United States,1112223333,zzzzemail59@AD-2838-DP0040d.com,"USP, US Pro",123514-1-12-2021
Erin,Macalik-DP0040d,Erin Macalik/Self-DP0040d,"13, Nursing",221 Brookview Drive,Hurst,Texas,76054,United States,1112223333,zzzzemail60@AD-2838-DP0040d.com,"USP, US Pro",123515-1-12-2021
Keely,Puchalski-DP0040d,Keely Puchalski-DP0040d,"13, Nursing",1521 E Shannon St,Chandler,Arizona,85225,United States,1112223333,zzzzemail61@AD-2838-DP0040d.com,"USP, US Pro",123516-1-12-2021
Ashley,Cerullo-DP0040d,Ashley Cerullo-DP0040d,"13, Nursing",4516 Spring Hill Ave,South Charleston,West Virginia,25309,United States,1112223333,zzzzemail62@AD-2838-DP0040d.com,"USP, US Pro",123517-1-12-2021
Jackie,Devries-DP0040d,Crossroads-DP0040d,"13, Nursing",500A Lake St Suite A,Ramsey,New Jersey,7446,United States,1112223333,zzzzemail63@AD-2838-DP0040d.com,"USP, US Pro",123518-1-12-2021
sezelle,gereau-DP0040d,Please select...-DP0040d,"13, Nursing",33 Daffodil Hill Rd,Garrison,New York,10524,United States,1112223333,zzzzemail64@AD-2838-DP0040d.com,"USP, US Pro",123519-1-12-2021
Lahana,Vigliano-DP0040d,Nuvitru Wellness-DP0040d,"13, Nursing",108 Wild Basin Rd. S. Suite 250,Austin,Texas,78746,United States,1112223333,zzzzemail65@AD-2838-DP0040d.com,"USP, US Pro",123520-1-12-2021
Elizabeth,Pimentel-DP0040d,Elizabeth Pimentel-DP0040d,"13, Nursing","411 Walnut Street, # 15173",Green Cove Springs,Florida,32043,United States,1112223333,zzzzemail66@AD-2838-DP0040d.com,"USP, US Pro",123521-1-12-2021
Alexis,Rheinwald-Jones-DP0040d,Alexis Rheinwald-Jones-DP0040d,"13, Nursing",4242 Russell Ave,Los Angeles,California,90027,United States,1112223333,zzzzemail67@AD-2838-DP0040d.com,"USP, US Pro",123522-1-12-2021
Rosine,Klein Katan-DP0040d,"Blue Gem Music, LLC-DP0040d","13, Nursing",1490 Elm Street,Peekskill,New York,10566,United States,1112223333,zzzzemail68@AD-2838-DP0040d.com,"USP, US Pro",123523-1-12-2021
Jennifer,Gauss-DP0040d,Jennifer Gauss-DP0040d,"13, Nursing",2855 27th St S,Fargo,North Dakota,58103,United States,1112223333,zzzzemail69@AD-2838-DP0040d.com,"USP, US Pro",123524-1-12-2021
Margaret,Geagan-DP0040d,Margaret Geagan-DP0040d,"13, Nursing",104 Isley St,Chapel Hill,North Carolina,27516,United States,1112223333,zzzzemail70@AD-2838-DP0040d.com,"USP, US Pro",123525-1-12-2021
Karen,Bastianelli-DP0040d,University of Minnesota-College of Pharmacy-DP0040d,"13, Nursing",3152 Lyman St,Duluth,Minnesota,55806,United States,1112223333,zzzzemail71@AD-2838-DP0040d.com,"USP, US Pro",123526-1-12-2021
Lanae,Wiater-DP0040d,Lanae Wiater-DP0040d,"13, Nursing",639 Morgan St,Davenport,Washington,99122,United States,1112223333,zzzzemail72@AD-2838-DP0040d.com,"USP, US Pro",123527-1-12-2021
Danielle,Perrodin-DP0040d,Danielle Perrodin-DP0040d,"13, Nursing",118 St Ignatius Circle,Cankton,Louisiana,70584,United States,1112223333,zzzzemail73@AD-2838-DP0040d.com,"USP, US Pro",123528-1-12-2021
Obugo,Douglas-DP0040d,Obugo Douglas-DP0040d,"13, Nursing",10918 Menaggio Ct.,Richmond,Texas,77406,United States,1112223333,zzzzemail74@AD-2838-DP0040d.com,"USP, US Pro",123529-1-12-2021
Kristi,Schlacht-DP0040d,Kristi Schlacht-DP0040d,"13, Nursing",3935 Dannemora Trace,Cumming,Georgia,30040,United States,1112223333,zzzzemail75@AD-2838-DP0040d.com,"USP, US Pro",123530-1-12-2021
Lori,Krustchinsky-DP0040d,Lori Krustchinsky-DP0040d,"13, Nursing",0103d Hobbs reach lane,Houston,Texas,77008,United States,1112223333,zzzzemail76@AD-2838-DP0040d.com,"USP, US Pro",123531-1-12-2021
Melissa,De Brito-DP0040d,Melissa De Brito-DP0040d,"13, Nursing",5729 Iverson Dr,Murfreesboro,Tennessee,37127,United States,1112223333,zzzzemail77@AD-2838-DP0040d.com,"USP, US Pro",123532-1-12-2021
Jessica,Beal-DP0040d,Jessica Beal-DP0040d,"13, Nursing",3350 Biscayne Dr,Merritt Island,Florida,32953,United States,1112223333,zzzzemail78@AD-2838-DP0040d.com,"USP, US Pro",123533-1-12-2021
Christine,Williams-DP0040d,Christine Williams-DP0040d,"13, Nursing",110 Heather Ridge Court,Durham,North Carolina,27712,United States,1112223333,zzzzemail79@AD-2838-DP0040d.com,"USP, US Pro",123534-1-12-2021
Cynthia,Comber-DP0040d,Cynthia Comber-DP0040d,"13, Nursing",4106 W Zelar St,Tampa,Florida,33629,United States,1112223333,zzzzemail80@AD-2838-DP0040d.com,"USP, US Pro",123535-1-12-2021
